assigned_cen	unit_id	distinct_kmers	target_map_hits	physical_blocks	representative_kmer
CEN1	CEN1_unit_000001	3381	257952	13543	AAAAAACTCATATGGACTTTGGC
CEN1	CEN1_unit_000002	40	1060	54	AAAAACCAGAAGAAGGTTGGTTA
CEN1	CEN1_unit_000003	23	750	60	AAAACCAAAGACTCATATGTACT
CEN1	CEN1_unit_000004	23	682	40	AAAATCCAGTTGCGGTTTAAGTT
CEN1	CEN1_unit_000005	23	668	30	AAAGCTTTGAAAGGCAAGAAGAA
CEN1	CEN1_unit_000006	22	566	32	AAAGCTTTGTAAAGCAAGAAGAA
CEN1	CEN1_unit_000007	20	120	6	AAATATTTCATGGTGTAGCCAAA
CEN1	CEN1_unit_000008	19	311	17	AAAGTTTTAAGAAGCAAGAAGAA
CEN1	CEN1_unit_000009	18	920	52	AAAAGCCAGAAGAAGGTTGGTTA
CEN1	CEN1_unit_000010	17	453	27	AAAACACTAACAAACTTCTTCTT
CEN1	CEN1_unit_000011	16	373	24	ACACCATTAAAGCTGTGAGAAGC
CEN1	CEN1_unit_000012	16	136	10	AAAGTTTTGAAAAGCAAGAAGAA
CEN1	CEN1_unit_000013	14	112	8	AAGGTTGGTTATTGTTTTAGGGT
CEN1	CEN1_unit_000014	14	77	6	AAACCGCAATCAGATCTTAAAGG
CEN1	CEN1_unit_000015	14	74	7	AAGAATTGTATCTTTGTTAAAAG
CEN1	CEN1_unit_000016	13	318	26	AAAACCAAACACTCATATGTACT
CEN1	CEN1_unit_000017	13	117	9	AAAGGCGTAAGAGTTGTATCCTT
CEN1	CEN1_unit_000018	13	104	8	AATCTGACTTGATCTCATGTGTA
CEN1	CEN1_unit_000019	11	242	22	AAAACCAAAGACTCATACTTACT
CEN1	CEN1_unit_000020	11	209	19	AAGACACAAAGCCAAGACTCTTA
CEN1	CEN1_unit_000021	10	406	47	AAAAAGCAAGAAGAAGGTTGGTT
CEN1	CEN1_unit_000022	10	70	7	AAACTTCTTCTTACTTCTCAAAG
CEN1	CEN1_unit_000023	9	144	16	AAAAAAGTTGGTTAGTGTTTTGG
CEN1	CEN1_unit_000024	9	90	10	AATGAAAGCTTTGAAAAGCAAGA
CEN1	CEN1_unit_000025	8	185	24	ACAGCATGAAAGCTTTGAAAAGC
CEN1	CEN1_unit_000026	8	120	15	AAGTATTGTATCCTTGTTAAAAG
CEN1	CEN1_unit_000027	8	80	10	AAAAGACACAAAGCCAGAGACTC
CEN1	CEN1_unit_000028	8	24	3	AATATGACTAGATGTTATGTGTA
CEN1	CEN1_unit_000029	8	24	3	AGTCTTTGGCTTTGTGCCTTTTA
CEN1	CEN1_unit_000030	7	98	14	AAATCTTTCATGGTGTAGCTAAA
CEN1	CEN1_unit_000031	7	84	12	AAAGTTTTGAGAAGTAAGAAGAA
CEN1	CEN1_unit_000032	7	42	6	ACATGAGATCAAGTCATATTCGT
CEN1	CEN1_unit_000033	7	21	3	ACATGAGATCAAGTCATATTCGC
CEN1	CEN1_unit_000034	6	42	7	ATATGGATATTGGCTACACCATG
CEN1	CEN1_unit_000035	6	36	6	AGATCAAGTCATATTCGAATCCA
CEN1	CEN1_unit_000036	6	25	5	AACCGGATCTTAAAGGCGTAATA
CEN1	CEN1_unit_000037	5	95	19	AGATCAAGTCATATTCGACCCCA
CEN1	CEN1_unit_000038	5	66	14	ACCATAAAGCTTTGAGAAGCAAG
CEN1	CEN1_unit_000039	5	41	9	AAAAGACACAAAGCCAAAGTCTC
CEN1	CEN1_unit_000040	4	76	19	AAACAAGAAGAAGGTTGGTTAAT
CEN1	CEN1_unit_000041	4	32	8	ACACGAGATCAAGTCATATTCGA
CEN1	CEN1_unit_000042	4	12	3	AACCAACCTGCTTCTTGCTTCTC
CEN1	CEN1_unit_000043	3	54	18	AAATCAAGTAATATTCGACTCCA
CEN1	CEN1_unit_000044	3	45	17	AATCATACACATGAGATCAAGAC
CEN1	CEN1_unit_000045	3	38	13	ACAACATGAAAGCTTTGAGAGGC
CEN1	CEN1_unit_000046	3	9	3	AACCCGCAACCGGATCTTAAAGG
CEN1	CEN1_unit_000047	2	270	135	ACCTTCTTCTTGCTTTTCAAAGG
CEN1	CEN1_unit_000048	2	220	111	AACTTCTTCTTGCTTCTCAAAGA
CEN1	CEN1_unit_000049	2	76	38	AAAAGACTCATATGGACTTTGAC
CEN1	CEN1_unit_000050	2	28	14	CAAACACTCATATGGACTTTGAC
CEN1	CEN1_unit_000051	2	12	6	AGTCATATTCGACTCCAAAAAAA
CEN1	CEN1_unit_000052	2	8	4	AAAGCTTTGAAAAGAAAGAAGAA
CEN1	CEN1_unit_000053	2	8	4	AGCTTCTTCTTGCTTCTCAAAGA
CEN1	CEN1_unit_000054	2	6	3	ATGAATTGTATCCTTGTTAAAAG
CEN1	CEN1_unit_000055	1	30	30	TAAGAACTTAAACCGCAATAGGA
CEN1	CEN1_unit_000056	1	27	27	ATAAGATCGGGTTGCCGTTTAAG
CEN1	CEN1_unit_000057	1	21	21	AGTAAGAATTGTATCCTTGTTAA
CEN1	CEN1_unit_000058	1	17	17	ATTCGACTCCAAAACATTAACAA
CEN1	CEN1_unit_000059	1	6	6	AGATCAAGTCATATTCGACTCCT
CEN1	CEN1_unit_000060	1	3	3	ACTTCTTCTTGCTTTTCAAAGCT
CEN1	CEN1_unit_000061	1	3	3	AGACTTGATCTCATGTGTATGAT
CEN1	CEN1_unit_000062	1	3	3	CACTCTATCGCAGCATCATATCA
CEN1	CEN1_unit_000063	1	3	3	CATGATCCAAGCTTGTCATTATC
CEN2	CEN2_unit_000001	1793	169751	8986	AAAAAAACAAGTCATATTCGACT
CEN2	CEN2_unit_000002	21	273	13	AAGTCATATTTGGCTCCAAAACA
CEN2	CEN2_unit_000003	19	228	12	AAACACTTATATGGACTTTGGCT
CEN2	CEN2_unit_000004	17	373	24	AAGAAGGTTGGTTAATGTTTCGG
CEN2	CEN2_unit_000005	17	188	12	AAACACTAACCAACCTTCTTTTG
CEN2	CEN2_unit_000006	17	51	3	AACTGGTATTTCTGAAAATGAGC
CEN2	CEN2_unit_000007	16	449	29	AATATGACTTGTGGTCATGTGTA
CEN2	CEN2_unit_000008	16	313	26	AATATGACTTGTTGTCATGTGCA
CEN2	CEN2_unit_000009	16	170	12	AAACCGCAACCCGCTCTTAAAAG
CEN2	CEN2_unit_000010	15	90	6	AAACCGCAACCCCATCTTAAAAG
CEN2	CEN2_unit_000011	15	45	3	AAAGCTTTGAGAAGTAAGAAGAT
CEN2	CEN2_unit_000012	14	418	31	AAAGCTTCGAGAAGCACGAAGAA
CEN2	CEN2_unit_000013	14	56	4	AAAGACTCATATACACTTTGGCT
CEN2	CEN2_unit_000014	13	75	8	AACAACTTAATCCGCAACCCGAT
CEN2	CEN2_unit_000015	12	68	9	AAACACTACATAGGCTTTTAAGA
CEN2	CEN2_unit_000016	12	55	5	AAGCCTAAGTAATGTTTCCTTGG
CEN2	CEN2_unit_000017	11	48	5	AAACCGCAACCTAATCTTAAAAG
CEN2	CEN2_unit_000018	10	98	10	AAAACTCTAACCAACCTTCATCT
CEN2	CEN2_unit_000019	10	30	3	AACAAGGATACACTCCTTAGGCT
CEN2	CEN2_unit_000020	10	30	3	AATATGACTTGTTGTCATGCGTA
CEN2	CEN2_unit_000021	9	134	17	AACCATACACATGACAACAAGTC
CEN2	CEN2_unit_000022	9	126	16	AACCCGTTCTTAAAAGCCTAAGT
CEN2	CEN2_unit_000023	9	53	9	ATCCTTGTTAGCAGACACAAAGC
CEN2	CEN2_unit_000024	8	120	15	AAAACACTAACCAAGGTTCTTCT
CEN2	CEN2_unit_000025	8	82	11	ACTCAGTCATACACATGACAACA
CEN2	CEN2_unit_000026	8	72	9	AAGATACCAAGCCAAAGACTCAT
CEN2	CEN2_unit_000027	8	72	9	ACTCATTCATACACATGACAACA
CEN2	CEN2_unit_000028	8	40	5	AAAACACTAACCAAGCTTCCTCT
CEN2	CEN2_unit_000029	8	27	5	AACCAACCTTCTTTTTCCTTCTC
CEN2	CEN2_unit_000030	7	128	20	AACCACTTAAACCGCAACCCGAT
CEN2	CEN2_unit_000031	7	58	9	AAAAACTACTTAGGCTTTTAAGA
CEN2	CEN2_unit_000032	6	128	23	AACAAGTCATATTCGACTACAAA
CEN2	CEN2_unit_000033	5	110	22	AACTTAGGCTTTTAAGATTGGGT
CEN2	CEN2_unit_000034	5	50	10	AACAATTCATATTCGACTCCAAA
CEN2	CEN2_unit_000035	5	20	4	AAAAAGAATGTTGGTTAGTGTTT
CEN2	CEN2_unit_000036	5	20	4	AAAAGCCTAAGGAGTGTTTCCTT
CEN2	CEN2_unit_000037	5	20	4	AACAAGTCAAATTCGACTCCAAA
CEN2	CEN2_unit_000038	5	20	5	AACCCGATCTTAAAAGCCTAATT
CEN2	CEN2_unit_000039	5	20	4	ATTGGGTATAAGAACTTAAACCA
CEN2	CEN2_unit_000040	4	94	26	AACAAGGAAACACTACTTAGTCC
CEN2	CEN2_unit_000041	4	20	5	ACACCATGAAAGCTTTTAGAGGC
CEN2	CEN2_unit_000042	4	14	4	AAAGCCTAAGTAGTGGTTCCTTG
CEN2	CEN2_unit_000043	3	93	43	ACAAAGCCCATATGAGTCTTTGG
CEN2	CEN2_unit_000044	3	33	11	ACTTGTTGTCATGTGTATGATGG
CEN2	CEN2_unit_000045	3	18	6	ATGTATCTTCTAACAAGGAAACA
CEN2	CEN2_unit_000046	3	15	5	ACGTACTTTGGCCACACCATGAA
CEN2	CEN2_unit_000047	3	12	4	AAGATGACTTGTTGTCATGTGTA
CEN2	CEN2_unit_000048	3	12	4	AATGAAAGCTTTGAGAAGCATGA
CEN2	CEN2_unit_000049	3	9	3	AATCAACCTTCTTCTTACTTCTC
CEN2	CEN2_unit_000050	3	9	3	ACATCGAGTCATATTCGACTCCA
CEN2	CEN2_unit_000051	2	50	26	ACTTTAACCGCAACCCGATCTTA
CEN2	CEN2_unit_000052	2	24	12	AGTTAAACCGCAACCCGATCTTA
CEN2	CEN2_unit_000053	2	16	9	AAAGCCAAAGACTCATATGGGCC
CEN2	CEN2_unit_000054	2	10	5	ATTCGACTCCAAAAAACTAACTA
CEN2	CEN2_unit_000055	2	8	4	AAAGCTTTTAGAAGCATGAAGAA
CEN2	CEN2_unit_000056	2	8	4	ACACAAAGACAAAGACTCATATA
CEN2	CEN2_unit_000057	2	8	4	AGGACTTGTTGTCATGTGTATGA
CEN2	CEN2_unit_000058	2	6	3	AAACGGATCTTAAAAGCCTAAGT
CEN2	CEN2_unit_000059	2	6	3	CTTAAACCGCATCCGGATCTTAA
CEN2	CEN2_unit_000060	1	15	15	AATGCCTAAGTAGTGTTTCCTTG
CEN2	CEN2_unit_000061	1	13	13	CAAAGCCCATATGAGTCTTTGGA
CEN2	CEN2_unit_000062	1	12	12	ACAAAAAGAAGGTTGGTTAGTGT
CEN2	CEN2_unit_000063	1	9	9	AACACGATTTTATAAGCCTAAGT
CEN2	CEN2_unit_000064	1	7	7	GATACAAAGCCAAAGACTCATAA
CEN2	CEN2_unit_000065	1	6	6	AATCTTAAAAGCCTAAGTAGTGA
CEN2	CEN2_unit_000066	1	6	6	ACTACTTAGGCTCTTAAGATCGG
CEN2	CEN2_unit_000067	1	6	6	TGTGTCTTCTAACAAGGAAAAAA
CEN2	CEN2_unit_000068	1	4	4	GATGTCTCAGGACAGAACCCTAA
CEN2	CEN2_unit_000069	1	3	3	AGAAACACTACTTAGGCTTTTAG
CEN2	CEN2_unit_000070	1	3	3	AGCATGTGTATGATTGAGTATAA
CEN2	CEN2_unit_000071	1	3	3	TTCGACTCCAAAATACTAACAAA
CEN3	CEN3_unit_000001	2339	174931	9387	AAAAAACCTAACCAACCTTCTTA
CEN3	CEN3_unit_000002	102	408	4	AAACCACTCGATCACACCCTCAT
CEN3	CEN3_unit_000003	96	384	4	AAAACGACCAAGTAAACCACAAC
CEN3	CEN3_unit_000004	96	384	4	AAAGCTAGACACTGACCTAAATC
CEN3	CEN3_unit_000005	70	280	4	AAAACACTATCTTGTCGTTGTAG
CEN3	CEN3_unit_000006	58	232	4	AAAACATGATAACAGAAATGACG
CEN3	CEN3_unit_000007	50	200	4	AAAAGCAGAAATGGCAATAGCAG
CEN3	CEN3_unit_000008	40	2046	151	AACCGGACCTTAAAGGCGTAGGA
CEN3	CEN3_unit_000009	40	160	4	AACGCCCATTAAACGCCTTCTGA
CEN3	CEN3_unit_000010	37	148	4	AAAACTTCACAGAAGCTATCCCT
CEN3	CEN3_unit_000011	34	136	4	AAACGATTCCTAAGGATGGGGTA
CEN3	CEN3_unit_000012	30	707	32	AAAGACTCATATGGACATTGGAT
CEN3	CEN3_unit_000013	27	1449	69	AAGATGCGGTTGCGGTTTAAGTA
CEN3	CEN3_unit_000014	26	1955	81	AAAGCCTTTCCTGGTCTAGCCAA
CEN3	CEN3_unit_000015	25	519	39	AAACCATGAAAGCTTTGAGAGGC
CEN3	CEN3_unit_000016	24	805	63	AACTTAAGCCGTAACCGGATCTT
CEN3	CEN3_unit_000017	23	1304	59	AAAAGCTATGAGAAGCAAGAAGA
CEN3	CEN3_unit_000018	23	591	26	AACACACTAAACAACCTTCTTCT
CEN3	CEN3_unit_000019	23	509	31	AAAAAACTAAACAACCTTCTTCT
CEN3	CEN3_unit_000020	22	1023	47	AAAATCTTAACCAACCTTCTTCT
CEN3	CEN3_unit_000021	22	504	24	AAAGACTCATATGTATTCGGCTA
CEN3	CEN3_unit_000022	22	444	22	AAAGCTTTGAGAATTAAGAAGAA
CEN3	CEN3_unit_000023	22	88	4	AAAAAGTCCATATGAGTCTTTGG
CEN3	CEN3_unit_000024	20	520	26	AAGGTTGGTTAGTGTTTTTGATT
CEN3	CEN3_unit_000025	20	200	10	AAGAAGAAGGTTGGTTAGTTTTC
CEN3	CEN3_unit_000026	20	144	18	AAAAATCCAAAGACTCATATGGA
CEN3	CEN3_unit_000027	20	80	4	ACTCGATCACCACTCTATCACCA
CEN3	CEN3_unit_000028	19	727	50	AAAGCTTTAAGAAGCAAGAATAA
CEN3	CEN3_unit_000029	19	475	25	AAAGGGTAAGAATTGTATCCTTG
CEN3	CEN3_unit_000030	19	95	8	AAAGCTTTGAGAAGAAATAAGAA
CEN3	CEN3_unit_000031	18	395	27	AAAACACTAACCAACATTCTGCT
CEN3	CEN3_unit_000032	17	546	34	AAGAATTGTATCCTTGCTAGAAA
CEN3	CEN3_unit_000033	17	460	30	AAACCGCAGTCGAATCTTAAAGG
CEN3	CEN3_unit_000034	17	319	20	AAAGCTTTTAGAAGGAAGAAGAA
CEN3	CEN3_unit_000035	17	63	4	AAAGCCAAAGTCCATATGAGTCT
CEN3	CEN3_unit_000036	16	48	3	AAAACCCTAAGAGGCAGTTTATA
CEN3	CEN3_unit_000037	15	855	57	AAAGACTCATATGGACTTTGCTA
CEN3	CEN3_unit_000038	15	313	21	AAAGACTCATAAGGACTTTAGCT
CEN3	CEN3_unit_000039	14	278	22	AAGAAGAAGGTTAGTTAGTGTTA
CEN3	CEN3_unit_000040	13	359	30	AAAGATTTGAGAAGCAAGCAGAA
CEN3	CEN3_unit_000041	13	312	36	AAAGCTTTGCGAAGCAAGAACAA
CEN3	CEN3_unit_000042	13	230	19	AAACCGCAACCGGATCCTAAAGG
CEN3	CEN3_unit_000043	13	103	8	ACACCATCAAAGCTTTGAAAAGC
CEN3	CEN3_unit_000044	13	52	4	AAACAAATAAGGAAACTAAATAT
CEN3	CEN3_unit_000045	13	52	4	AAAGTCGCAGGAGAAACACTGCG
CEN3	CEN3_unit_000046	12	664	57	AAACCTTTGAGAAGTAAGAAGAA
CEN3	CEN3_unit_000047	12	312	26	AACTTGAACCGCAACCTGATCTT
CEN3	CEN3_unit_000048	12	174	30	AAACCGCAACCGGATCTTAATGG
CEN3	CEN3_unit_000049	11	235	24	AAAGCTTTCATGGTCTACCCAAA
CEN3	CEN3_unit_000050	11	209	19	ACGCCATGAAAGCTATGAGAAGC
CEN3	CEN3_unit_000051	11	198	18	ACACCATGAAAGATATGAGAAGA
CEN3	CEN3_unit_000052	11	44	4	AAAGCTTTAAGAAACAAGAAGAA
CEN3	CEN3_unit_000053	10	330	33	AAGACTCATTTGGACTTTGGCTT
CEN3	CEN3_unit_000054	10	290	29	AAAGATTTGAGAAGCAATAAGAA
CEN3	CEN3_unit_000055	10	200	20	AACTGAAACCGCAACCGGATCTT
CEN3	CEN3_unit_000056	10	190	19	AAAGATTTGAGAAGCAACAAGAA
CEN3	CEN3_unit_000057	10	174	19	AACGCTTTCATGGTGAAGCCAAA
CEN3	CEN3_unit_000058	10	102	12	AAGTCATATTCGACTATAAAACA
CEN3	CEN3_unit_000059	10	56	10	AAGAAGGTTTGTTAGTGTTTTAA
CEN3	CEN3_unit_000060	9	216	24	AAAGACTAATATGGACTTTGGAT
CEN3	CEN3_unit_000061	9	180	20	ACTCCATGAAAGCTTTAAGAAGC
CEN3	CEN3_unit_000062	9	99	11	AAGAATTGTATCCTAGTTAGAAG
CEN3	CEN3_unit_000063	9	81	9	AAGAATTGTATCCCTGTTAGAAG
CEN3	CEN3_unit_000064	8	169	22	AAGATCCAGTTGCGGTTTAAGTA
CEN3	CEN3_unit_000065	8	120	15	AACCATCCTTCTTATTGCTTCTC
CEN3	CEN3_unit_000066	8	32	4	AATGTGGAGTATGAGTCCAGACG
CEN3	CEN3_unit_000067	7	154	22	AACCCACCTTCTTCTTGCTTATC
CEN3	CEN3_unit_000068	7	63	9	AAGAATTGTATCCTTGTTAGACG
CEN3	CEN3_unit_000069	7	42	6	AAACAGCAACTGGATCTTAAAGG
CEN3	CEN3_unit_000070	6	54	9	AAACACTAACCACCCTTCTTCTT
CEN3	CEN3_unit_000071	6	24	4	AGTGATCGAGTATGTCATTGATC
CEN3	CEN3_unit_000072	5	105	21	AATATGAGTCTTTGGTTTGTGTC
CEN3	CEN3_unit_000073	5	55	11	AAAGACTCATATGCATTTTGGCT
CEN3	CEN3_unit_000074	5	29	7	ATGATTGAGTATAAGAACATTAA
CEN3	CEN3_unit_000075	5	20	4	ACATCAAGTCATATTCGACTTGA
CEN3	CEN3_unit_000076	4	174	46	AATTGATGTCATGTGTATGACTG
CEN3	CEN3_unit_000077	4	88	22	CCAAAGCTTTCATGGTGTACCCA
CEN3	CEN3_unit_000078	4	76	19	AGTCGAATAGGACTTGTTGTAAT
CEN3	CEN3_unit_000079	4	72	18	ATCCGGTTGCGGTTTAAGTTCTC
CEN3	CEN3_unit_000080	4	40	10	AACAAGTCATATTCGACTCCTAA
CEN3	CEN3_unit_000081	4	36	9	AACCGGATCTAAAAGGCGTAAGA
CEN3	CEN3_unit_000082	4	36	9	AAGAACTTAAACTGCAACCTTAT
CEN3	CEN3_unit_000083	4	32	8	AAAACACTAACTAACCTTCTTAT
CEN3	CEN3_unit_000084	4	20	5	AATCCTACACATGACATCAAGTC
CEN3	CEN3_unit_000085	4	16	4	ATACTCAATGATACACATGATAT
CEN3	CEN3_unit_000086	4	12	3	AACTAACCTTCTTCTTGCTTCTG
CEN3	CEN3_unit_000087	4	12	3	ATCAGAACTTAAACCGCAACCGG
CEN3	CEN3_unit_000088	3	84	28	AATTGTATCCTTGTTAGAAGACC
CEN3	CEN3_unit_000089	3	60	20	AAAATCCGGTTGCGGTTTAAGTA
CEN3	CEN3_unit_000090	3	60	20	CAAAGATCGGGTTGCGGTTTAAG
CEN3	CEN3_unit_000091	3	9	3	AAATATTGTATCCTTGTTAGAAG
CEN3	CEN3_unit_000092	2	38	19	AAATATGACTTGATGTCATGTCT
CEN3	CEN3_unit_000093	2	36	18	CCAATGTCCATATGAGTCTTTAG
CEN3	CEN3_unit_000094	2	20	10	ATTTTATCCTTGTTAAAAGACAC
CEN3	CEN3_unit_000095	2	16	8	ACTTTGGCTACACCATGAAACCC
CEN3	CEN3_unit_000096	2	10	5	AAAGCTTTAAGAAGCAACAAGAA
CEN3	CEN3_unit_000097	2	6	3	ACACTACTTAGGCATACAAGATC
CEN3	CEN3_unit_000098	1	44	44	AGAGTCGAATATGACTTGATGTG
CEN3	CEN3_unit_000099	1	31	31	GTGGTGTAGCCAAAGTCCATATA
CEN3	CEN3_unit_000100	1	26	26	GAGGCGTAAGAATTGTATCCTTA
CEN3	CEN3_unit_000101	1	24	24	GGTGTCTTCTAACAAGGATACAA
CEN3	CEN3_unit_000102	1	16	16	ATAGTGTTTTGGAGTCGAATATA
CEN3	CEN3_unit_000103	1	10	10	AGACACAAAGCCAAAGACTCAAT
CEN3	CEN3_unit_000104	1	9	9	AAAGACTCAGATGGACTTTGGCT
CEN3	CEN3_unit_000105	1	8	8	ATCATATTGACTTTGGCTACACC
CEN3	CEN3_unit_000106	1	8	8	GACATCAAGTCATATTCGACTTA
CEN3	CEN3_unit_000107	1	6	6	ACAATTCTTACGCCTTTAAGAAC
CEN3	CEN3_unit_000108	1	5	5	AGAAGGTTGGTTAGTGTTTTGAG
CEN3	CEN3_unit_000109	1	5	5	ATAACAACTTAAACCGCAACCCC
CEN3	CEN3_unit_000110	1	4	4	AGATCATAAAGGCGTAAGAATTG
CEN3	CEN3_unit_000111	1	3	3	AACTTTGGCTTTGTGTCTTCTAA
CEN3	CEN3_unit_000112	1	3	3	AGAGACACAAAGCCAAAGACTCA
CEN3	CEN3_unit_000113	1	3	3	AGCTCAATCATACACATGACATC
CEN3	CEN3_unit_000114	1	3	3	ATTTTGGAGTCGAATATAACTTG
CEN3	CEN3_unit_000115	1	3	3	CTTACAGGCGTAAGAATTGTATC
CEN4	CEN4_unit_000001	1973	155936	11174	AAAAAGCCAAAGACTCATACGGA
CEN4	CEN4_unit_000002	133	11772	590	AAAAGGTTGGTTAGTGTTTGGAG
CEN4	CEN4_unit_000003	53	4579	305	AAACCTTCTTCTAGCTTCTCAAA
CEN4	CEN4_unit_000004	40	728	46	AAAAGCAAGAAGAAGGTTTGTTA
CEN4	CEN4_unit_000005	33	728	41	AAACACTATCCAACCTTCTTCTA
CEN4	CEN4_unit_000006	32	454	32	AAACCGCAACCGGATTTTATAAG
CEN4	CEN4_unit_000007	28	1220	56	AAACATGACATCAACTCATATTT
CEN4	CEN4_unit_000008	27	606	44	AAAACACTAACTGACCTTCTTCT
CEN4	CEN4_unit_000009	23	544	24	AAAGTCCGTATGAGTCTTTGGCA
CEN4	CEN4_unit_000010	22	913	52	AAACCGCAACCCAATCATAAAAG
CEN4	CEN4_unit_000011	22	110	5	AACCAATCATACACATGACATCA
CEN4	CEN4_unit_000012	21	393	25	AAAAGGCTAAGTAGAGTTTCCTT
CEN4	CEN4_unit_000013	20	653	33	AAAAATGACTTGATGTCATGTGT
CEN4	CEN4_unit_000014	18	324	18	AAGAAGGTTGGTTAGTGTTTGTG
CEN4	CEN4_unit_000015	18	314	23	AAAACACTAACCAACCTTCTTTG
CEN4	CEN4_unit_000016	18	313	18	AAACCGCAACCCTATCATAAAAG
CEN4	CEN4_unit_000017	16	301	19	AAAAAGAAGGTTGTTTAGTGTTT
CEN4	CEN4_unit_000018	16	80	5	AAACACTAACCAGCCTTCTTCTA
CEN4	CEN4_unit_000019	15	177	13	AAAGGCATAAGAACTGTATCCTT
CEN4	CEN4_unit_000020	15	101	9	AAACCGCAACTAGATCTTAGAAG
CEN4	CEN4_unit_000021	14	383	34	AAGTCATATTTGACTCCAAAAGA
CEN4	CEN4_unit_000022	14	107	8	AACCGGATCTTAGAGGCGTAAAA
CEN4	CEN4_unit_000023	13	221	17	AAAATCGGGTTGTGGTTTAAGTT
CEN4	CEN4_unit_000024	13	117	9	AAAAAGAAGGTTAGTTAGTATTT
CEN4	CEN4_unit_000025	13	78	6	AAAGCTTCGAGAAGCTAGAAGAA
CEN4	CEN4_unit_000026	12	774	69	AAACTAGAAGAAGGTTGGTTAGT
CEN4	CEN4_unit_000027	12	669	56	AAACCACAACCCGATCATAAAAG
CEN4	CEN4_unit_000028	12	222	20	ACTCATATGTACTTTGGCTAAAC
CEN4	CEN4_unit_000029	12	72	6	AAACACTAACCACCCTTCTTCTA
CEN4	CEN4_unit_000030	12	50	5	AACACTAACCATCCTTCTTCTAG
CEN4	CEN4_unit_000031	11	220	20	AAAGCTTTGAGAAGCTAGACGAA
CEN4	CEN4_unit_000032	11	120	11	AAACCGCAACTCGATCATAAAAG
CEN4	CEN4_unit_000033	10	379	39	AAGAAGGGTTGTTAGTGTTTTGA
CEN4	CEN4_unit_000034	10	259	26	AAACTGCAACCCGATCATAAAAG
CEN4	CEN4_unit_000035	10	100	10	AATGCTTTGAGAAGCTAGAAGAA
CEN4	CEN4_unit_000036	10	90	9	AAAAAGAAGGTTGGTAAGTGTTT
CEN4	CEN4_unit_000037	9	162	18	AAAGCTTTAAGAAGCAAGAAGAT
CEN4	CEN4_unit_000038	9	135	15	AAATATTACTTGATGTCATGTGT
CEN4	CEN4_unit_000039	9	45	5	AAAGCTCTGAGAAGCTAGAAGAA
CEN4	CEN4_unit_000040	9	36	4	AACTCTTCGGAAAGGTGCAACTC
CEN4	CEN4_unit_000041	8	32	2	ACTCGTCCAGCTACCTCGAGCTC
CEN4	CEN4_unit_000042	7	725	105	AAATATGACTTGATGTAATGTGT
CEN4	CEN4_unit_000043	7	296	43	AAATATGACTTTATGTCATGTGT
CEN4	CEN4_unit_000044	7	204	33	ACATCAGGTCATATTCGACTCTA
CEN4	CEN4_unit_000045	7	163	24	AAGTTCTTATATTCGATCATACA
CEN4	CEN4_unit_000046	7	105	15	AACTTAAACCGCAACGCAATCTT
CEN4	CEN4_unit_000047	7	84	12	AAATCATATTCGTCTCCAAAACA
CEN4	CEN4_unit_000048	7	38	6	ACAGTTCTTACGCCTTTAAAATC
CEN4	CEN4_unit_000049	6	144	24	AAGAACTTAAACCGTAACCTGAT
CEN4	CEN4_unit_000050	6	54	9	AACCTTCCTCTAGCTTCTCAAAG
CEN4	CEN4_unit_000051	6	18	3	ATATTTGAATCCAAAACACTAAC
CEN4	CEN4_unit_000052	5	24	5	ATTTGACTCCAAAACACTAACGA
CEN4	CEN4_unit_000053	5	20	4	AGTTTTTATACTCAATCATACAT
CEN4	CEN4_unit_000054	4	48	12	AAATATGACTTGATGTCATTTGT
CEN4	CEN4_unit_000055	4	12	3	AAACTACAACCCGATCTTAAAAG
CEN4	CEN4_unit_000056	4	12	3	AACAACTTAAACCGCAACCCGTT
CEN4	CEN4_unit_000057	3	27	9	AACCGATCTTAAAGGCGTAAGAA
CEN4	CEN4_unit_000058	3	24	8	CCTAAGTAGTGTTTCCTTAATAG
CEN4	CEN4_unit_000059	3	9	3	AACACTAACCAACCTTCTTCTAT
CEN4	CEN4_unit_000060	3	9	3	AACCCGATCTTATAAGCATAAGT
CEN4	CEN4_unit_000061	2	20	10	ATTGGTTAGTGTTTTGGAGTCAA
CEN4	CEN4_unit_000062	2	16	8	AGACTAACCAACCTTCTTATTGC
CEN4	CEN4_unit_000063	2	12	6	ACAAGGAAACTCTACTTAGGCTC
CEN4	CEN4_unit_000064	2	10	5	ATTTGTATGTTCTAACAAGGAAA
CEN4	CEN4_unit_000065	2	6	3	AGTTCTTACGCCTTTAAGATCCA
CEN4	CEN4_unit_000066	1	24	24	TGACTCCAAAACACTAACCAACA
CEN4	CEN4_unit_000067	1	18	18	AACCCGATCTTAAAAGCCTAATA
CEN4	CEN4_unit_000068	1	13	13	AGACTTTGGCTGCACCATGAAAG
CEN4	CEN4_unit_000069	1	12	12	CCGGATCTTAAAGGCGTAAGAAC
CEN4	CEN4_unit_000070	1	12	12	TAGTTTCCTTGTTAGAAGACACA
CEN4	CEN4_unit_000071	1	9	9	AAGCTAGAAGAAGGTTGGTTAGA
CEN4	CEN4_unit_000072	1	6	6	AGACATCAAGTCATATTTGACTC
CEN4	CEN4_unit_000073	1	5	5	GATATTTGACTCCAAAACACTAA
CEN4	CEN4_unit_000074	1	3	3	AAAGACTCATATGGACTTAGGCC
CEN4	CEN4_unit_000075	1	3	3	CACATGACATCAAGTCATATTTC
CEN5	CEN5_unit_000001	3089	143642	8576	AAAAAACACTAACCAACCTTCTT
CEN5	CEN5_unit_000002	61	321	7	AAAAAAATTGAAAAATTCCAGAA
CEN5	CEN5_unit_000003	58	2696	150	AAAACACTAATTAGGCTTTTAAG
CEN5	CEN5_unit_000004	46	658	19	AAAAGAGGAGAAGACAAAGTGTT
CEN5	CEN5_unit_000005	46	575	13	AAACGCAGGTAAACGATAATATT
CEN5	CEN5_unit_000006	37	1950	116	AAGAAGGTTGGTTAGTCTTTAAG
CEN5	CEN5_unit_000007	36	229	9	AAAATTGATTTCAGACTTTCTCC
CEN5	CEN5_unit_000008	35	254	8	AACAAGGAGCCTACTCGACCAAG
CEN5	CEN5_unit_000009	34	507	16	AAAACTGAAAATAAAACTGAAGC
CEN5	CEN5_unit_000010	30	464	16	ACACCACCTGACCACACTCGACC
CEN5	CEN5_unit_000011	28	154	9	AAAGTCTCATTATTCGTCTGAGT
CEN5	CEN5_unit_000012	27	627	43	AACAACAAAGCCAAAGACTCATA
CEN5	CEN5_unit_000013	25	640	52	AACAAGTCATAATCGACTCCAAA
CEN5	CEN5_unit_000014	23	995	50	AACTTGTTGTCATGTGTATTCTT
CEN5	CEN5_unit_000015	23	359	16	AAAATGATAGTAGACGGGCCAAT
CEN5	CEN5_unit_000016	23	346	16	AACACCTTCTGGGTGCGGGAATG
CEN5	CEN5_unit_000017	23	336	15	AAACAGCTCCAAATCACCTGAAA
CEN5	CEN5_unit_000018	23	308	16	AAAACAGAAGCAATAACAGAATT
CEN5	CEN5_unit_000019	23	301	14	ACAGTCTACTCAAATCCGCACTC
CEN5	CEN5_unit_000020	23	283	14	AAAGTCACTCGACCTGGGGGTCG
CEN5	CEN5_unit_000021	23	231	18	AAAAGAGTCATACGGACTTTGCC
CEN5	CEN5_unit_000022	23	187	9	AACAGACAGGATATGAAACAGCT
CEN5	CEN5_unit_000023	23	161	7	AAACGTTGCAAACCCGCAGGACC
CEN5	CEN5_unit_000024	23	161	7	AAAGACGTTGAAGACGGATGGGA
CEN5	CEN5_unit_000025	23	161	7	AAAGATGGTCCCCTACAGAATAG
CEN5	CEN5_unit_000026	23	153	7	AAAATCAATGTCCAAGTTGGTAG
CEN5	CEN5_unit_000027	23	151	7	AAGGCTCTATCACCTCCTGGAAT
CEN5	CEN5_unit_000028	23	141	7	AAGACATAGTTGAAGGAGAGGAG
CEN5	CEN5_unit_000029	23	121	6	AAACTTAAATCACACAGTCCACT
CEN5	CEN5_unit_000030	22	505	24	AAAGGCGTAAGAATTGTATCTAT
CEN5	CEN5_unit_000031	22	392	43	AAAACCCTAACCAAGCTTCTTCT
CEN5	CEN5_unit_000032	21	696	40	AACTCTTACGCCTTTAAGATCCG
CEN5	CEN5_unit_000033	21	156	12	AAAAACTTAAACCGCAAGCCGAT
CEN5	CEN5_unit_000034	20	1634	138	AAAGCCTAAGTAATGTTTCCTTA
CEN5	CEN5_unit_000035	20	1177	60	AAAGCTTTGAGTAGTAAGAATAA
CEN5	CEN5_unit_000036	20	424	22	AAAGCTTTGAGAATCTTGAAGAA
CEN5	CEN5_unit_000037	19	104	6	AAAGAATTCTAGGGGAAGTAAGC
CEN5	CEN5_unit_000038	19	70	9	AAAGTTTTCATGGTTTAGCCAAA
CEN5	CEN5_unit_000039	18	108	6	ACCGCGGTGCTGGCCGCAGCAGA
CEN5	CEN5_unit_000040	18	54	3	AAAAATGTTGGTTAGTGTTTTGG
CEN5	CEN5_unit_000041	17	1676	110	AAGTCATATTCGACCTTAAAACA
CEN5	CEN5_unit_000042	17	391	23	AATATGACTTGTTGTCAGGTGTA
CEN5	CEN5_unit_000043	17	218	13	AAAACACTAACCAAGCTTCTACT
CEN5	CEN5_unit_000044	17	165	10	AACAATGAAGAACATCATAGAAC
CEN5	CEN5_unit_000045	17	115	7	ACCAGCTCTGATTCTGATGAGAA
CEN5	CEN5_unit_000046	16	1193	84	AAAGACTCATATGAAAGCTTTGA
CEN5	CEN5_unit_000047	16	397	29	AAAACACTAACCAACCTTATTCC
CEN5	CEN5_unit_000048	16	272	22	AAACCGCAGCCCGATCTTAAAAG
CEN5	CEN5_unit_000049	16	144	9	AAAACACCAATCATGTCATTGTA
CEN5	CEN5_unit_000050	16	112	7	AAGCATCCTGATCTTTGGGAGGA
CEN5	CEN5_unit_000051	16	80	5	AAAAAGCTTTCATGGTGTAGCCA
CEN5	CEN5_unit_000052	16	48	3	AATATGACTCGTTGTCATGTGTA
CEN5	CEN5_unit_000053	15	435	30	AAAGCTTTAATGGTGTTGCCAAA
CEN5	CEN5_unit_000054	15	413	33	AATTGTATCTTTGTCATAAGACA
CEN5	CEN5_unit_000055	14	303	30	AAAGCTCTCATGGAGTAGCCAAA
CEN5	CEN5_unit_000056	14	253	21	AAGCTTTCATGGTTTAGCCAAAC
CEN5	CEN5_unit_000057	14	140	10	AACAGATCAATCCACTCCCGTGA
CEN5	CEN5_unit_000058	14	84	6	AACTTCTAACAAGGAAACACTAC
CEN5	CEN5_unit_000059	14	42	3	AAAACACTTACCAAGCTTCTTCT
CEN5	CEN5_unit_000060	13	39	3	AGTGTTTCCTTGTTCGAAGATAC
CEN5	CEN5_unit_000061	12	180	15	AAGTCATATTCAACTCCAAAATA
CEN5	CEN5_unit_000062	12	98	9	ACACTGGGTGTGGTCGAGTATAC
CEN5	CEN5_unit_000063	12	96	8	AACTTTAGAACTTCCTAATCTCA
CEN5	CEN5_unit_000064	12	84	7	AAAATACAAAGACAAAGACTCAT
CEN5	CEN5_unit_000065	12	36	4	AACAAGTCATGTTCGACTCCAAA
CEN5	CEN5_unit_000066	11	220	20	AACAACCTAAACCGCAACTCGAT
CEN5	CEN5_unit_000067	11	187	17	AAAGTCCGTATAAGTCTTTGGAT
CEN5	CEN5_unit_000068	11	149	15	AAAGCACAACCCGATCTTAAAAG
CEN5	CEN5_unit_000069	11	33	3	AAAGCTTTGATGGTTTAGCCAAA
CEN5	CEN5_unit_000070	10	210	21	AGTGTATCCTTTGTTAGAAGACA
CEN5	CEN5_unit_000071	10	190	19	AAGAAGGTCGGTTAGTGTTTTCG
CEN5	CEN5_unit_000072	10	92	10	AAACCTTTGAGAAGAAAGAAAAA
CEN5	CEN5_unit_000073	10	60	6	AAAAGAATGATATGAAAAAGAGT
CEN5	CEN5_unit_000074	10	40	4	AACCGCAACTGGATCTTAAAAGC
CEN5	CEN5_unit_000075	9	252	28	AAAACGCAACCGATCTTAAAAGC
CEN5	CEN5_unit_000076	9	170	29	AAAAAGGAAACACTACTAAGGCT
CEN5	CEN5_unit_000077	9	27	3	AGTCTGAAGAACGCGAACTAGAA
CEN5	CEN5_unit_000078	8	297	39	AAGTCATATTGACTCCAAAACAG
CEN5	CEN5_unit_000079	8	247	33	AAACCTAAGTAGTGTTTCTTTGT
CEN5	CEN5_unit_000080	8	189	33	AATAATACACATGACATCATGTC
CEN5	CEN5_unit_000081	8	158	21	AGAGCTTTCATGGTGTGGCCAAA
CEN5	CEN5_unit_000082	8	106	16	AAACCTTTCATGGTTTAGCCAAA
CEN5	CEN5_unit_000083	8	40	5	AACAACTTTGAGATCAAGAGTGG
CEN5	CEN5_unit_000084	8	24	3	AACTTAAGCCGCAACTCGATCTT
CEN5	CEN5_unit_000085	7	674	112	ACACCCTGAAAGCTTTGAGAAGT
CEN5	CEN5_unit_000086	7	175	25	AAGAAGGTTGGTTAGTGTTTGGG
CEN5	CEN5_unit_000087	7	140	21	AGTGTTTCCTTATTAGAAGATAC
CEN5	CEN5_unit_000088	7	93	25	AAGTAGTGTTTCTTTATTAGAAG
CEN5	CEN5_unit_000089	7	77	11	AAAACACTACCAACCTTCTTCTT
CEN5	CEN5_unit_000090	7	70	10	AAATCGCAACACGATCTTATAAG
CEN5	CEN5_unit_000091	7	56	8	AAACCACAACCGGATCTTAAAAG
CEN5	CEN5_unit_000092	7	35	5	AACGCTCAGTAGCTCGACGCAAT
CEN5	CEN5_unit_000093	7	35	5	AGACTTTGGCTCCACCATGAAAG
CEN5	CEN5_unit_000094	7	33	5	AAAAGCCTAAGTAGTGTGTCCTT
CEN5	CEN5_unit_000095	7	21	3	AAAGTCCATATGAGTCTTTTGAT
CEN5	CEN5_unit_000096	6	159	27	AAACCGCAACCCTATCTTATAAA
CEN5	CEN5_unit_000097	6	110	19	ACTCATATGGATTTTGGCTAAAC
CEN5	CEN5_unit_000098	6	58	10	AAAGTCCATATGAGTCTTTGAAT
CEN5	CEN5_unit_000099	6	48	8	AATAACTTAAACCGCAACCTGAT
CEN5	CEN5_unit_000100	6	30	5	AAAATATTTGGATCTTCTTATTC
CEN5	CEN5_unit_000101	6	30	5	AAAGATGGTGCGGTTTTACTTCA
CEN5	CEN5_unit_000102	6	26	5	ACTCATTTGGACTTTGGCTAAAC
CEN5	CEN5_unit_000103	6	24	4	ACCTTCTAACAAGGAAACACTAC
CEN5	CEN5_unit_000104	6	24	4	AGTGTTTCCTTGTTAGCAGATAC
CEN5	CEN5_unit_000105	6	18	3	AAAGAAGAAGCTTGGTTAGTGTT
CEN5	CEN5_unit_000106	6	18	3	ACCATCAAAGGTTTGAGAAGCAA
CEN5	CEN5_unit_000107	5	362	73	AAAGTTGGTTAGTGTTTTGGGAG
CEN5	CEN5_unit_000108	5	110	22	ATACACCATGAAAGCTTTAAGAA
CEN5	CEN5_unit_000109	5	100	20	ACAACAAGTCATATTCGAATCCA
CEN5	CEN5_unit_000110	5	75	15	AAGTAGTGTTTCTTTTTTAGAAG
CEN5	CEN5_unit_000111	5	71	17	AACTTAAACCACAACACGATCTT
CEN5	CEN5_unit_000112	5	65	13	ACACCAAGTCATATTCGACTCGA
CEN5	CEN5_unit_000113	5	50	10	AAGAATTGTATCATTGTTAGAAG
CEN5	CEN5_unit_000114	5	35	7	AAGAAAATCCAAGTATTTTAGGG
CEN5	CEN5_unit_000115	5	30	6	ACTCCAGGACTGCGAGACTAAGG
CEN5	CEN5_unit_000116	5	25	5	AATCTTCTAACAAGGAAACACTA
CEN5	CEN5_unit_000117	5	20	4	AAGCTTGGTTAGTGTTTTGGACT
CEN5	CEN5_unit_000118	4	232	58	ACGTGTATGATTGAGTATAATAA
CEN5	CEN5_unit_000119	4	120	30	ACAACCCGATCTTATAAGCTAAG
CEN5	CEN5_unit_000120	4	92	23	AACACCATGAAAGCTTTGAAAAG
CEN5	CEN5_unit_000121	4	48	12	ACACCATGAAATCTTTGAGAATC
CEN5	CEN5_unit_000122	4	32	8	ATATTCAACTCCAAAACACCAAC
CEN5	CEN5_unit_000123	4	28	7	ATACGACTCCAAAACACTAACCA
CEN5	CEN5_unit_000124	4	20	5	AAGCAAAAAGAAGCTTGGTTAGT
CEN5	CEN5_unit_000125	4	20	5	ATCACCATCTGCCATGATCGAGA
CEN5	CEN5_unit_000126	4	12	3	AACCAAGTTTCTTCTTGCTTCTC
CEN5	CEN5_unit_000127	4	12	3	AATCATACACATGACAACAGGTC
CEN5	CEN5_unit_000128	4	12	3	ATCCTTGTGAGAAGACACAAAGC
CEN5	CEN5_unit_000129	3	69	23	ACGCCATGAAAGCTTTGAGAAGT
CEN5	CEN5_unit_000130	3	57	19	AAACAAAGCCAAAGACTTATATG
CEN5	CEN5_unit_000131	3	30	10	ACGGACTTTGGCTACACCATGGA
CEN5	CEN5_unit_000132	3	27	9	ACCAACCTTCTTCTTGCTTTTCG
CEN5	CEN5_unit_000133	3	25	9	AGGTTTAGTAGAAACACACCAAA
CEN5	CEN5_unit_000134	3	18	6	CTGTGTATCTTCTAACAAGGAAA
CEN5	CEN5_unit_000135	3	12	4	ATATCAAGTCATATTCGACTTCA
CEN5	CEN5_unit_000136	3	12	4	ATTAAAGCTTTAAGAAGCAAGAA
CEN5	CEN5_unit_000137	3	9	3	AACATGAAAGCTTTGAGAAGCTA
CEN5	CEN5_unit_000138	2	54	27	ATTTAAGTTGTTATACTCAATAA
CEN5	CEN5_unit_000139	2	52	26	ATAAGGAAACACTACTTAGGCTA
CEN5	CEN5_unit_000140	2	28	14	AGAAGACACAAAGCCCAAGACTC
CEN5	CEN5_unit_000141	2	28	14	CTAAGATCAGGTTGCGGTTTAAG
CEN5	CEN5_unit_000142	2	25	13	ATCCATGAAAGCTTTGAGAAGCA
CEN5	CEN5_unit_000143	2	24	12	ATACTCAATAATACACAAGACAT
CEN5	CEN5_unit_000144	2	18	9	AAACCAAATCAAGCCACTTCCGT
CEN5	CEN5_unit_000145	2	9	5	ATTCATATGGACTTTGGCTAAAC
CEN5	CEN5_unit_000146	2	8	4	ACAAACACTCACAAGTGATATAT
CEN5	CEN5_unit_000147	2	6	3	ACACTACTTAGGCTTATTAGATC
CEN5	CEN5_unit_000148	2	6	3	ATACATGACAACAAGTCATATTC
CEN5	CEN5_unit_000149	2	6	3	CCTTTGGCTTTGTATCTTCTAAC
CEN5	CEN5_unit_000150	1	40	40	AGAGTCGAATATGACTTGTTGTA
CEN5	CEN5_unit_000151	1	21	21	AATCCTTATTAGAAGACACAAAG
CEN5	CEN5_unit_000152	1	15	15	AAAGTTGTGTTTCCTTGTTAGAA
CEN5	CEN5_unit_000153	1	10	10	TGCATTTAGGGAATTGACACACA
CEN5	CEN5_unit_000154	1	10	10	TTCTCCTAGAGTTAAGAGAAAAA
CEN5	CEN5_unit_000155	1	9	9	AAATCTGTTATTGCTTGGCTTGA
CEN5	CEN5_unit_000156	1	9	9	GAAATCATTATAAACTTAGCAAA
CEN5	CEN5_unit_000157	1	9	9	TCAACTCGATCTTAAAAGCCTAA
CEN5	CEN5_unit_000158	1	8	8	AAGCTTGGTTAGTGTTTTGGAGA
CEN5	CEN5_unit_000159	1	8	8	TAAGTTCTTATACTCAATAATAA
CEN5	CEN5_unit_000160	1	7	7	AGCTTTGAGAAGCAAGAAGAACT
CEN5	CEN5_unit_000161	1	7	7	CAGCTACACCATGAAAGCTTTGA
CEN5	CEN5_unit_000162	1	7	7	GCATATGGACTTTGGCTAAACCA
CEN5	CEN5_unit_000163	1	6	6	AGAAGCTAGAAGAAGGTTGGTTG
CEN5	CEN5_unit_000164	1	6	6	ATGTGTAGCCAAAGTCCATATGA
CEN5	CEN5_unit_000165	1	5	5	AACTTAAACAACAACCCGATCTT
CEN5	CEN5_unit_000166	1	5	5	ATATACACATGACATCAAGTCAT
CEN5	CEN5_unit_000167	1	4	4	AGTAGCCAAAGTCCGTATGAGTC
CEN5	CEN5_unit_000168	1	4	4	GACATCAAGTCATATGCGACTCC
CEN5	CEN5_unit_000169	1	3	3	AAAAACACTAAACAACCTTCTTC
CEN5	CEN5_unit_000170	1	3	3	ACAAAGCCTAAGACTCATACGGA
CEN5	CEN5_unit_000171	1	3	3	ATAGCTTCTTAAAGCTTTCATGG
CEN5	CEN5_unit_000172	1	3	3	CTTCTCAAAGCTTTTAGGGTGTA
CEN5	CEN5_unit_000173	1	3	3	TCTCAATCATACACATGACAACA
